,Username,Tweet,Like Count,Retweet Count,Subjectivity,Polarity,Analysis
0,GloWorld, IBORMAN001 MTNNG AirtelNigeria 9mobileng Hello IBORMAN001 Ou data plans have been designed to satisfy our customer s thirst for internet activities and they have been tested and trusted Simply dial 777 to purchase a data plan Dubby,0,0,0.35714285714285715,0.0,Neutral
1,GloWorld, NdupuAnthony CNNAfrica glonigeria Hello NdupuAnthony Kindly dial 127 02 phone number to unshare Please note that you need to have an active data plan to be able to unshare Dubby,0,0,0.7083333333333334,0.32222222222222224,Strong
2,GloWorld, Oyinkande Hello Oyinkande I am sorry to hear this and for the delayed response The N1000 data plan gives 1 9GB plus 2GB for nightly browsing which equals 3 9GB Kindly visit t co yL8KTjbij4 to view your data balance Thank you _Paul,0,0,0.95,0.04999999999999999,Strong
3,umehvictor19, SaharaReporters OPay_NG I bought mtn 6gb for 1500 weekly you Guy s debited the money and I did not receive any data when I called u guys said I selected glo data plan like seriously how is it possible for u to select glo plan with ussd code I will advice people to stop using opay,0,0,0.8333333333333333,-0.16666666666666666,Weak
4,umehvictor19, Sports_Doctor2 OPay_NG I bought mtn 6gb for 1500 weekly you Guy s debited the money and I did not receive any data when I called u guys said I selected glo data plan like seriously how is it possible for u to select glo plan with ussd code I will advice people to stop using opay,0,0,0.8333333333333333,-0.16666666666666666,Weak
5,GloWorld, O2Realtors CNNAfrica Hello O2Realtors Please note that N500 data plan gives 1 8GB 800 MB for day time browsing and 1GB for night browsing The night plan is activated between 12 am to 5 am Kindly visit t co yL8KTjbij4 to view your night bundle All inconveniences are regretted Funmi,0,0,0.9,0.6,Strong
6,GloWorld, James8640031684 Hello James8640031684 check shows that you purchased N1500 monthly bundle not Special N1500 plan which is 7GB Please note that the N1500 plan gives 3 5GB and 4GB night data plan to browse between 12am to 5am 30days 7 5GB Odewole,0,0,0.5714285714285714,-0.17857142857142858,Weak
7,kemisolar1369,If Glo wan kill someone like me finish make dem just remove ashawo data WTF from their data plan GloWorld I go just start dey use my phone dey play snake xenzia ,2,0,0.575,-0.35,Weak
8,GloCare, Fr33m4nD Itzchris16 Hello Fr33m4nD we sincerely apologize for being unable to browse with your night data plan Kindly switch on and off your flight mode then connect anytime from 12 am to 5 am Thank you _Paul,0,0,0.6333333333333333,0.19999999999999998,Strong
9,GloWorld, Martinsphil5 Hello Martinsphil5 I am sorry to hear this To unshare the number dial 127 02 number while on an active data plan Morayo,0,0,0.8,-0.31666666666666665,Weak
10,Ondo_Pikini, 3GB MTN 1k amp 10GB 2500 3GB GLO 1 2k 1 200 amp 10GB 2700 5GB Airtel 1 5k 1 500 amp 10GB 2700 9mobile 3GB 900 5GB 1 300 amp 10GB 2 200 All network Data plan is 30days Know be juju be that FREE GUY got you cover t co v5zUH02wpr,0,0,0.8,0.4,Strong
11,GloWorld, physicsdadd _kingjonah MTN180 Hello physicsdadd Kindly be informed that data depletion is based on your usage Please confirm that this 08077545359 is your correct number There was no 7GB data subscription on the line the current data plan is the pre activated N100 plan Adigun,0,0,0.65,0.3,Strong
12,iamorjiemmanuel,GLO feel off big time Network s shit data plan is shit,0,0,0.5666666666666668,-0.13333333333333333,Weak
13,GloWorld, seunajayi03 Hello seunajayi03 sorry about your experience Checks show that you have an active N500_Oneoff data plan When this happened may I know if you took any steps to make the situation better like restarting the phone or changing your network mode 2G 3G 4G Justin,0,0,0.7000000000000001,-0.04444444444444443,Weak
14,seunsimi,NCC have merge all Network codes to be the same So from today if you have MTN Airtel Glo and 9mobile Use the following code 1 Data plan 312 2 Airtime recharge 311 3 Borrow airtime 303 4 Data Balance 323 5 Account balance 310 6 Share data 321 7 Vas 305 ,1,0,0.1125,0.0,Neutral
15,GloWorld, Oyebidexx Hello Oyebidexx sorry about your experience Checks show that you do not have an active data plan Justin,0,0,0.8,-0.31666666666666665,Weak
16,Ugo_ez,I don t know which has better data plan between Airtel and Glo ,0,0,0.5,0.5,Strong
17,GloCare, olakunley1 Hello olakunley1 You may opt for our special data plan Please go through our 777 menu to view our data bundles and purchase the data plan of your choice Jane,0,0,0.5714285714285714,0.35714285714285715,Strong
18,GloCare, ChristianEkoba Hello ChristianEkoba Checks show that your line has been worked and that your data plan is active at the moment Please toggle your flight mode and restart your device now to resume your browsing We regret any inconvenience caused Jane,0,0,0.6,-0.13333333333333333,Weak
19,GloWorld, otuyojulius MTNNG AirtelNigeria Hi otuyojulius our unlimited 4G data plan goes for 60 000 80 000 monthly To set this up you can walk up to any of the Gloworld shops and sign up for the plan or email pricing enterprise gloworld com ,0,0,0.0,0.0,Neutral
20,GloWorld, d1_shyben desola__xn d1_shyben to view the numbers please dial 127 00 To remove any unwanted number please dial 127 02 NUMBER Removal will be successful only when you have an active data plan Godwin,1,0,0.85,0.20555555555555557,Strong
21,Aishah_Babby,Good morning Famclients Happy new week Get your Cheap Internet Data Plan and Airtime Recharge for Airtel 9mobile GLO MTN DSTV GOTV PHCN and Results check Also available for your Data giveaways NO SCAM ZONE Vendorsspot_OTF Askforvendors Vendorspototf t co COwy6oEcmY,35,33,0.630909090909091,0.4872727272727272,Strong
22,GloCare, KingsleyIbang11 SportyBobz Hello KingsleyIbang11 sincere apologies for my delayed response Please note that the Sunday data plan cannot be rolled over and cannot be merged with a regular data plan Jane,0,0,0.28846153846153844,0.25,Strong
23,GloWorld, Harmoho_rilwan MTNNG AirtelNigeria 9mobileng Harmoho_rilwan Our unlimited 4G data plan goes for 60 000 80 000 monthly To set this up you can walk up to any of the Gloworld shops and sign up for the plan or email pricing enterprise gloworld com ,0,0,0.0,0.0,Neutral
24,GloWorld, AKINKAZEEM002 AlhashimiUsman SERAPNigeria However if you require a data plan which can be used at any time of the day you can subscribe to any of our mega plans by dialing 777 Elo,0,0,0.0,0.0,Neutral
25,thusomakoa1, Sidney_Monageng Rele_Glo Spot on Plus the router and my mom s data plan I am paying R189 in total ,0,0,0.75,0.0,Neutral
26,TshepisoMaile, _tebok Rele_Glo My data plan too,0,0,0.0,0.0,Neutral
27,GloWorld, IdowuDavid08 Hello IdowuDavid08 Please note that your campus booster data plan can work anywhere However within campus environs you are charged half of the data volume used while browsing and when you browse outside the campus environs charges are back to the regular rate Justin,0,0,0.0733974358974359,-0.041666666666666664,Weak
28,GloWorld, TottleVictor Hello TottleVictor sorry about your experience Checks show that you have an active Special_500_Oneoff data plan May I know the exact network issue you are experiencing slow fluctuating or not browsing at all Justin,0,0,0.5625,-0.17083333333333334,Weak
29,GloWorld, therealjosh_7 bod_republic GloCare Hello therealjosh_7 sorry about your experience May I know if you have been able to purchase the data plan Justin,0,0,0.8125,0.0,Neutral
30,GloWorld, DarkSpace100 Hello DarkSpace100 I apologise for the delayed response Checks show you do not have an active data plan Kindly dial 312 to subscribe to data Kindly turn on and off your device flight mode for a better browsing experience Inconvenience regretted Yewande,0,0,0.725,0.39166666666666666,Strong
31,GloCare, iamsamsino iamsamsino To check for a data subscription dial 777 To check for a data plan balance dial 323 To check for an airtime balance dial 310 To recharge dial 311 ADA ,0,0,0.0,0.0,Neutral
32,GloWorld, Media_3SixtY Media_3SixtY May I know the data plan you intend to subscribe to via 777 Kindly provide your number via DM for checks and assistance Laura,0,0,0.9,0.6,Strong
33,GloWorld, Oyebidexx bod_republic Hello Oyebidexx sincere apologies The N500 data plan gives you 800MB 1GB which is 1 8GB The 1GB is a night data bonus which can be viewed via t co yL8KTjbij4 and can be accessed from 12 am 5 am Laura,0,0,0.5,0.5,Strong
34,GloWorld, ZAMANI87872865 ZAMANI87872865 Checks on the line show that there is no data Kindly subscribe to a data plan then put on and off the airplane mode on your device for 60 seconds and try connecting If the issue persists kindly revert Laura,0,0,0.9,0.6,Strong
35,GloWorld, Oyebidexx Hello Oyebidexx sincere apologies The N500 data plan gives you 800MB 1GB which is 1 8GB The 1GB is a night data bonus which can be viewed via t co yL8KTjbij4 and can be accessed from 12 am 5 am Laura,0,0,0.5,0.5,Strong
36,Gutsybless,NCC Have merge all Network code to the same Code MTN Airtel Glo and 9mobile dis is the codes you will be using now 1 Data plan 312 2 Airtime recharge 311 3 Borrow airtime 303 4 Data Balance 323 5 Account balance 310 6 Share data 321 7 Vas 305 ,3,3,0.125,0.0,Neutral
37,MomooreolwaA, Dear customer your data plan will expire soon Glo do you want to wreck me ,3,1,0.0,0.0,Neutral
38,RealEzeki,Below is the new combined USSD code for mobile network in Nigeria which took effect on 17 May 2023 MTN Glo Airtel 9Mobile and Ntel Credit Recharge 311 Account balance 310 Data Plan 312 Data Plan Balance 323 ,0,1,0.45454545454545453,0.13636363636363635,Strong
39,GloWorld, itsreree2 itsreree2 Please note that once the main data volume is exhausted the data plan expires irrespective of its validity The night bonus expires along with the data plan Jane,0,0,0.5166666666666666,-0.11666666666666668,Weak
40,GloWorld, itsreree2 itsreree2 please be aware that the nightly bonus data is only valid for the duration of the data plan you purchased Jane,0,0,0.625,0.125,Strong
41,GloWorld, itsreree2 BellaNaijaWed itsreree2 may I know if you are referring to the data plan that expired by 11 15 p m last night Jane,0,0,0.06666666666666667,0.0,Neutral
42,GloWorld, itsreree2 BellaNaijaWed Hello itsreree2 sincere apologies for my delayed response Checks show that your night data plan expired by 12 43 am this morning Jane,0,0,0.5,0.5,Strong
43,somah_ski,Does Glo have any data plan better than 1500 for 7gb ,1,0,0.5,0.5,Strong
44,niyyhi,Glo is my own problem right now Glo wants to finish me with messages of a data plan I never subscribed to expiring ,1,0,0.5452380952380952,0.3619047619047619,Strong
45,GloWorld, egbo_mathias VivianConcept atiku SecBlinken Hello egbo_mathias sincere apologies When you subscribe to a data plan kindly turn on and off your device s flight mode for a better browsing experience Sincere apologies for any inconvenience caused Morayo,1,0,0.6,0.525,Strong
46,GloWorld, Mmadubuezejo atiku SecBlinken Hello Mmadubuezejo thank you for reaching us and I m sorry for the delay in response Please dial 127 00 to view the number you shared data with while on an active data plan Morayo,0,0,0.8,-0.31666666666666665,Weak
47,GloWorld, ridwan4199 Hello ridwan4199 I am sorry to hear this A check shows you do not have an active data plan to browse on 07057333611 ,0,0,0.8,-0.31666666666666665,Weak
48,GloWorld, dammyhack Hello dammyhack Thank you for reaching us Please be informed that when you subscribe to the N10 000 data plan you will only be given 50GB However you will be given bonus MB on every recharge on Bereke 10x Morayo,0,0,1.0,0.0,Neutral
49,GloWorld, BamiVon Hello BamiVon I am sorry to hear this May I have your number and how much data plan you subscribed for Morayo,0,0,0.6,-0.15,Weak
50,GloWorld, OgokehChii OgokehChii Please note that N2000 data plan gives 9 2GB 5 2GB for day time browsing and 4GB for night browsing The day time data was used up completely while the night data was unused Funmi,0,0,0.4,0.1,Strong
51,OluwaAlake,How To Check Data Balance On GLo Open up your phone s dialer and punch in 127 0 You should automatically get a text displaying your current data balance with Glo Buy Cheap GLo Data Plan at MyData Factory t co xDRdSsFSaO t co 1GtNQysXGB,0,0,0.5333333333333333,0.13333333333333333,Strong
52,OluwaAlake,GLo Data Plan t co xDRdSsFSaO t co yg3M6Cqa9X,0,0,0.0,0.0,Neutral
53,Dr_DeathCODM, palmpay_ng Hello I mistakenly bought a Glo data plan for a MTN number,0,0,0.0,0.0,Neutral
54,Sadon_G, GloWorld You guys tend to pretend as if you don t know what you are doing Subscribing to glo data plan is as good as wasting your money No be by force and I still get the same SMS after activating the DND t co OLXoDkjpfM,0,0,0.36250000000000004,0.35,Strong
55,IamDannyben,Best in turning off and turning on airplane mode to activate Glo data plan t co IyiZC3ts1R,121,57,0.3,1.0,Very Strong
56,__Katrynaa,Glo users please which data plan do you guys use ,3,1,0.0,0.0,Neutral
57,OmotundeOyeban2,Data promo Data promo 15 discount on any Data plan purchased Mtn Airtel Glo 9mobil call now 08150494474,0,0,0.0,0.0,Neutral
58,tino_modise, Rele_Glo I m currently using it I m on the R319 unlimited data plan and it s amazing,0,0,0.65,0.30000000000000004,Strong
59,egaton77, GloWorld I have severally called your call centre to complain of an unreasonable data exhaustion but I have up till now not been given a logical explanation Its sad that one subscribe to a data plan of N5 000 in less than one week it s gone for a lite user Glo this fraud gat to stop,2,0,0.32916666666666666,-0.10416666666666666,Weak
60,Okikiolaoluwaa,Wahala my data plan will expire soon again Now I know Glo is really sucking data mehn tf egbami ,2,2,0.2,0.2,Strong
61,DeVixion,Glo saying you can work from home with their mega data plan Lemaooo Kuku sack me ,1,0,0.0,0.0,Neutral
62,OshobukolaExcel,I think the entire staff of MTNNG is feeding on my data because the rate at which my data finishes this day needs to be studied Data that I can t finish in a month before now finishes in a week Just how Abeg what s the glo or 9mobile data plan like MTNNG is a cheat ,0,0,0.625,0.0,Neutral
63,TijaniWahab9, destiny444c Dhavidote Pls brr I need a good data plan on glo,0,0,0.6000000000000001,0.7,Very Strong
64,chuks_nadia,Which network has the best daily data plan Airtel or GLO ,2,1,0.15,0.5,Strong
65,boshiame, GloWorld davido Hi GloWorld I have a Glo line that bought social bundle and the data plan isn t working Please Look into this ,0,0,0.06666666666666667,0.03333333333333333,Strong
66,rolams009,Important notice The NCC has successfully unified the ussd code for all telecom operators in Nigeria For GLO MTN AIRTEL ETISALAT Recharges and Data dial 311 for all recharge 310 for all credit balance 312 for all Data plan 323 for Data balance,0,0,0.975,0.575,Strong
67,KOSCITY1, h0llaOla Glo has most better data plan ever ,1,0,0.5,0.5,Strong
68,thenameismuzz,It s like I didn t subscribe for rain data plan coz what is this glo,0,0,0.0,0.0,Neutral
69,kopite04,Pls who can help with the best Glo data plan in the excess of 30gb Am switching from MTN before dey send me back to village ,1,0,0.15,0.5,Strong
70,Jayheff_Femi,Please glo subscribers help me This their data plan wan finish my life ,0,1,0.15000000000000002,-0.2,Weak
71,GloWorld, Mag_Ni_Fico Hi Mag_Ni_Fico I am sorry to hear this Kindly DM your Glo number and the data plan purchased so I can check it out for you Godwin,0,0,0.95,0.04999999999999999,Strong
72,barhamsmail, GloWorld adebisimakinde fccpcnigeria am I a joke to you Why are you people like this you don t even rate us I told you you have no monthly data plan without night data plan The few ones without night plan have are only valid for one day highest a week Glo you can do better ,0,0,0.5333333333333333,0.09999999999999999,Strong
73,Aishah_Babby,Good morning Famclients Happy new week Happy new month Get your Cheap Internet Data Plan and Airtime Recharge for Airtel 9mobile GLO MTN Pay DSTV GOTV PHCN and Results check Also available for your Data giveaways NO SCAM ZONE Vendorspototf t co yDNRL2vD5F,76,66,0.6584415584415585,0.4818181818181818,Strong
74,Joshsmithbaba, Naija_PR GloWorld glo whats wrong na I did about 4gb worth of data this morning and under 5 minutes u guys said I don t have any data plan again,0,0,0.5,-0.1,Weak
75,GloWorld, BBSTAR_123 Please note that the N500 data plan gives 800MB and 1GB night data to browse from 12am to 5am Kindly visit http hsi glo com to view the night data Anugwa,1,0,0.9,0.6,Strong
76,georgeyyaaa,Once this data plan finish na hostel WiFi like this I thought Glo had finally changed their ways,0,0,1.0,0.0,Neutral
77,AngryEda,Switched Mtn for my glo aim and I m online with ease Smhhhhh just hope it stays this way and I find a proper data plan ,0,0,0.1,0.0,Neutral
78,GloWorld, BIG_045 bod_republic Hello To unshare please dial 127 02 Glo number To view the number please dial 127 00 to view the number sharing data with you Be informed that you should have an active data plan to unshared ADA,0,0,0.6,-0.13333333333333333,Weak
79,GloWorld, BIG_045 bod_republic Hello BIG_045 To unshare please dial 127 02 Glo number To view the number please dial 127 00 to view the number sharing data with you Be informed that you should have an active data plan to unshared ADA,0,0,0.6,-0.13333333333333333,Weak
80,Bouquidivas, tits_n_weed bod_republic Don t even talk about that Glo self They are the worst data plan ever ,0,0,1.0,-1.0,Very Weak
81,friskyrobson, GloWorld therealsnacho whereistega Tell your superiors to revised data plan Can t remember the last time I subscribed to glo data because it s not giving me the data worth I want MTNNG tried with 6k for 40gb then they started misbehaving by offering 37 5gb for 6k I had to port to AirtelNigeria 5k for 40gb,0,0,0.08333333333333334,0.15,Strong
82,ghostmett,Lol Someone told me I don t do WhatsApp calls Not like my network is bad o Me that uses glo for calls I ll be on sub and still spend day 1k per 30mins calls So if I spend 1hr talking to her per day I ve spent 60k on call card in a month that s aside my data plan ,0,0,0.48888888888888893,6.47630097698008e-17,Strong
83,GloCare, ebube_nwaeze CrazyDREAMER254 glo GloWorld Hello ebube_nwaeze sincere apologies Your complaint has been escalated to the concerned unit for resolution Feedback would be given once done However check show that there is currently no data on 09055633832 Kindly subscribe to a data plan ,0,0,0.5,0.2,Strong
84,Pauloyewole3,Glo monthly data plan code 2023 t co qE5obyVs2F,0,0,0.0,0.0,Neutral
85,segunDaniel22, TheDadaboy How will a customer purchase a Glo data plan 500 for 1 8gb and they will give me 800mb then 1gb for night as if that isn t stealing,1,0,0.0,0.0,Neutral
86,Thereallegacy12, Naija_PR Glo network plus data plan na just rubbish,5,0,0.0,0.0,Neutral
87,WuraolaIfalola,Our amazing Data plan offers GLO 1TB 90 000 Validity 365 Days 9MOBILE 425GB 42 000 Validity 90 Days AIRTEL 120GB 24GB bonus 19 000 Validity 30 Days,11,15,0.45,0.35000000000000003,Strong
88,speedydataplug,Here are our amazing Data plan offers on all networks GLO 1TB 80 000 Validity 365 Days 9MOBILE 425GB 45 000 Validity 90 Days AIRTEL 120GB 24GB bonus 18 000 Validity 30 Days Send a DM to order or t co WvJPCgkJd4 Vendorspototf Onlinetradefair t co KYNk5Jb1jA,34,43,0.45,0.35000000000000003,Strong
89,awobuss,Glo has been harassing amp bulling me with this boring amp irritating sms Dear Customer Your existing data plan has exhausted expired To continue browsing dial 777 to buy data plan or dial 108 1 to browse from your main account and I have tried to reach their call 1,0,0,0.7083333333333334,-0.40833333333333327,Weak
90,__adebio1u,It appears that glo s data plan is worse than Mtn s ,2,0,0.6,-0.4,Weak
91,ChibuzorOketa, GloWorld bod_republic If I purchase data plan on my glo SIM I can t be able to browse with it 09053491062 this is my phone number,0,0,0.625,0.5,Strong
92,trishijay, SummerOkibe Mtn is good but data runs like tap water Airtel is good and more economical with more data plan to suit your lifestyle Glo will dash u plenty data but will go off for hours without explanation or prior notice so u will never enjoy the data My verdict go for Airtel ,7,0,0.5142857142857143,0.3571428571428571,Strong
93,taiwo_oluwadayo, instablog9ja GloWorld pls what s going on with your network I usually my data plan for a month but today is 12 and it has finished How now glo I purchased this plan on 1st o,0,0,0.25,-0.25,Weak
94,GloWorld, AbogohC AbogohC sorry 09038510296 is not a Go user Only a Glo user can enjoy our data plan Godwin,0,0,0.8333333333333334,-0.033333333333333326,Weak
95,Mide077,GLO DATA PLAN 200MB 100 0 5GB 200 1GB 300 2GB 600 3GB 900 4GB 1200 5GB 1500 t co PqczhDLZjH,1,0,0.0,0.0,Neutral
96,Olawherz,Mtn users which data plan do y all do cus I m not sure I m using this my glo data alone I m so done with the network ,1,1,0.8888888888888888,-0.25,Weak
97,UchennaVikieben,GLO Your Special_1500 has expired To buy a data plan of your choice visit t co 5GO62t61B7 or dial 777 Me t co qD0WI41ITX,2,0,0.0,0.0,Neutral
98,_samueld_, GloWorldGHCare GloWorld what s the possibility of getting double data when i subcribe 5k data plan on my glo sim im on glo brekete,0,0,0.0,0.0,Neutral
99,Emmy_young1, GloWorld GloWorld why are you guys always like this Must I complain everyday Social plan is not working normal data plan is not working too you guys have turned me to a pilot cause am always switching on off my airplane mode Why Glo,0,0,0.43888888888888883,-0.005555555555555564,Weak
100,Usman349990,I have bought a glo data plan of 1500 and I was debated and no allocation of it from the first bank How can I get my money back t co Hhp8rQs7qX,0,0,0.16666666666666666,0.125,Strong
101,JalloSam, GloWorld kelchimezie Naija_Activist MTNNG AirtelNigeria Etisalat_Care UN BBCWorld BBCNews OfficialAPCNg aonanuga1956 BashirAhmaad inecnigeria When we pay for data plan in glo 777 what pay for is different from the data we receive Recently for instance when you pay for 4k data plan expecting 18Gb glo will only send you 13Gb when you pay for 3k expecting a data plan of 13kb they now reduce it to 8Gb Deception ,0,0,0.6166666666666667,0.0,Neutral
102,GloWorld, KingFlourich KadunaResident GLO__NIG Hello KingFlourich I am sorry to hear this and for the delayed response Please note that the N1500 data plan will give you 3 5GB 4GB for night browsing 7 5GB Kindly visit t co yL8KTjbij4 to view data balance _Paul,1,0,0.95,0.04999999999999999,Strong
103,GloWorld, mgcrons Hello mgcrons For clarification do you mean you purchased the N2500 data plan from Glo App Blessing,0,0,0.6875,-0.3125,Weak
104,GloWorld, kpad251 BabatundeAkinp2 OneJoblessBoy MTNNG Hello kpad251 I am sorry for the delayed response Glo has the mega data plan of N100 000 valid for a year Kindly dial 777 Thank you _Paul,0,0,0.95,0.04999999999999999,Strong
105,heissavage7, GloWorld I just bought data plan and it hasn t even activated in like 20 mins I only needed to browse at midnight with my MIFi off and Glo keeps reminding me of why i stopped using them The same epileptic browsing network I could write a book on how much Glo made me loose ,1,0,0.3985576923076923,0.03076923076923077,Strong
106,nimii_a,I ll rather trust AEDC than trust Glo data plan ,0,0,0.0,0.0,Neutral
107,oluwalonikitan, kemiwarrior TheMarlian Glo as the best and affordable data plan tho but na network be there problem ,0,0,0.3,1.0,Very Strong
108,foreverdeb_,Glo has a 100k data plan that would last you for a year tested and trusted ,7,2,0.06666666666666667,0.0,Neutral
109,chinwewrites,Me Glo is the worst network ever Still me subscribes glo data plan,0,0,1.0,-1.0,Very Weak
110,livewithlynda,The ad showcases how Airtel s YouTube data plan enables the protagonists to achieve their dreams have fun and distract kids with their favorite shows Which do you prefer The high energy approach of the GLO ad or the emotive storytelling of the,0,0,0.58,0.32,Strong
111,D2Bosun_Daniel, YayiVictoria Glo has the best data plan but their network is ,2,0,0.3,1.0,Very Strong
112,MrBayo_BY, bod_republic Glo data plan sweet nah no network spoil ham ,0,0,0.65,0.35,Strong
113,Sethbertocarlos,This glo weekend data plan 500 naira for 3gb na scam I did it yesterday afternoon then don send me notification say e don finish ,1,0,0.0,0.0,Neutral
114,olu_mayor01, TikoUtd MTN180 I have been enjoying my Glo even with a cheaper data plan,0,0,0.6,0.5,Strong
115,justin_belzy, gerald_osagie I think Glo has better data plan,0,0,0.5,0.5,Strong
116,iamadekunleo, that moment you re about to show a client some products you ve got on your WhatsApp catalog insta page and then GLO whispers your data plan has expired How person wan take access bank app ,1,1,0.15000000000000002,-0.2,Weak
117,YOURdaddy278, GloWorld I bought a data plan just now and I m yet to receive it on my glo sim pls help with that,0,0,0.0,0.0,Neutral
118,Kikporastar, skiddomax the_Lawrenz GloCare I fear who no fear Glo Please they should stop deceiving the people separate night data from the main data plan GloCare,0,0,0.3333333333333333,0.16666666666666666,Strong
119,_Nwaribeaku,Glo took me for granted when I was using their data plans Stopped using them for about a month now they want to use your data plan is expired messages to finish me ,0,0,0.0,0.0,Neutral
120,DAdhekegba,IMPORTANT UPDATE The unique MTN CG Corporate gifting 1 5GB data plan is now available N245 N250 AIRTEL CG and GLO CG have been further reduced Increased discount for MTN and Airtel airtime for both smart users and agents Website t co ZWWpD5f72K,0,0,0.5904761904761905,0.23154761904761903,Strong
121,OluchukwuChisom, GloCare Glo I want to ask you guys that 1gb nite you guys give for 500 data plan is for what bcos wen my data finish I can t use it in the night why do you guys put it in the first place if someone can t use it in the night,0,0,0.3333333333333333,0.25,Strong
122,GloWorld, Bbyogee Bbyogee I am sorry to hear this and for the delayed response A check showed that you exhausted the Glo Berekete 10x data bonus on your line Your N1000 data plan is active Kindly visit t co yL8KTjbij4 to view details of your data balance _Paul,1,0,0.7999999999999999,-0.10833333333333336,Weak
123,Toriaforall,MTN made me subscribe to a data plan on my glo sim for the first time in like 2 years Well done o MTN180,2,0,0.3333333333333333,0.25,Strong
124,hendavoss,Abeg this Glo social data plan called WTF I thought it was supposed to cover WhatsApp Twitter and Facebook Pls kindly check I can only use Facebook and Whatsapp with it GloCare GloWorld my phone number is 08054971019,0,0,0.7416666666666667,0.033333333333333326,Strong
125,lawadey,Good news Buy your internet bundle at affordable price Mtn 225 gig Airtel 225 gig GLO 235 gig From our website t co gX2pZ8cmIL DATA PLAN work on all devices faster delivery rate cheap and affordable a month validation t co on3BZI1DGE,2,1,0.65,0.55,Strong
126,olansileReverb, vivan_okeke If you use a glo sim Try the data plan,0,0,0.0,0.0,Neutral
127,appei_ya, yabaleftonline Did data plan on GLO n they refused to activate it Like why GloWorld,0,0,0.0,0.0,Neutral
128,GloWorld, Prince_Ezeabata PeterObi Prince_Ezeabata Hello Prince_Ezeabata sincere apologies Please dial 127 01 NUMBER or SMS SHARE NUMBER to 127 from t co yL8KTjbij4 or via the Glo cafe app when you have an active data plan Nonso,0,0,0.55,0.18333333333333335,Strong
129,chiboyempir3, Naija_PR AirtelNigeria why is my sim having issues after I recharged my data plan please fix it i don t understand why your network is very bad and more terrible than glo God forbid please fix my problem let me use what I paid for even if it won t last which we al kw,0,0,0.6083333333333334,-0.3524999999999999,Weak
130,ronkedairo, GloWorld officialKelly27 bod_republic How do I subscribe to glo data plan without including night data,0,0,0.0,0.0,Neutral
131,MollyVado, the_Lawrenz GloWorld what s the cheapest data plan for your network because I purchase 40GB for 5000 naira with my mtn before they decreased it to 30GB Pls do you have a cheaper offer because I wanna start subscribing my glo network,0,0,0.7,-0.4,Weak
132,CupofCoffee_xo,Nah I gatta change my sim to airtel or Glo for next month s data plan I ve had it up to here with MTN,0,0,0.0,0.0,Neutral
133,GloWorld, damexhimself Hello To unshare please dial 127 02 Glo number To view the number please dial 127 00 to view the number sharing data with you Be informed that you should have an active data plan to unshared ADA,0,0,0.6,-0.13333333333333333,Weak
134,GloWorld, fiolasbistro Hello To unshare please dial 127 02 Glo number To view the number please dial 127 00 to view the number sharing data with you Be informed that you should have an active data plan to unshared ADA,0,0,0.6,-0.13333333333333333,Weak
135,GloCare, MbamaliVin MbamaliVin For places outside these zones the plans work as normal data bundle plans To subscribe to the Glo Campus Data Booster data plan of your choice dial 777 and follow the message prompt Godwin,0,0,0.35,0.075,Strong
136,GloWorld, olumidewale1 GloCare bod_republic olumidewale1 Hello olumidewale1 sincere apologies To remove a number when you have an active data plan kindly dial 127 02 glo number or Send Remove glo number to 127 Nonso,0,0,0.6666666666666666,0.32222222222222224,Strong
137,kbabaa, dataisoxygen Glo data plan is d cheapest n d best ,2,1,0.3,1.0,Very Strong
138,MTN180, Official_Jboy7 Sorry for this experience and the delayed response We are unable to reverse a glo data plan Please checks on your line 081323 show no active data bundle done on 13 3 2023 You may reach out to your bank for further assistance CA,0,0,0.65,-0.23333333333333334,Weak
139,dannyfrosh77, Timmynaijaa Glo The best Very fast for a village area Though sometimes network de black out Nice data plan to sha,1,0,0.6283333333333334,0.42333333333333334,Strong
140,MTN180, Official_Jboy7 Y ello I am deeply sorry to read about this For clarity purposes do you mean you wanted to subscribe for MTN data but mistakenly subscribe for a glo data plan on your MTN line please NA,0,0,0.84375,-0.40625,Weak
141,TheOluwatayo,You Can Now Use Thesame Codes For All Network MTN Glo Airtel 9Mobile 300 Call Centre 303 Borrow Service 305 Stop Service 310 Check Balance 311 Pin Credit Recharge 312 Data Plan telecommunication,1,1,0.0,0.0,Neutral
142,Duru__peta, ShodolamuAyomi1 cenbank MTN180 It s sooo annoying they do the same thing with their night plans after a while they switch to your main data plan instead of using the night bundle instead of getting a new sim I would rather switch to GLO cause their night plan is unlimited,0,0,0.45321969696969694,-0.12424242424242427,Weak
143,IamJomar_J,You can now use the same codes for all networks MTN GLO Airtel and 9mobile 300 Call Centre 303 Borrow Services 305 STOP Service 310 Check Balance 311 pin Credit Recharge 312 Data Plan,0,0,0.125,0.0,Neutral
144,mosvinbami,You can now use the same codes for all networks MTN GLO Airtel and 9mobile Nice 300 Call Centre 303 Borrow Services 305 STOP Service 310 Check Balance 311 Credit Recharge 312 Data Plan 321 Share services 996 Verification of SIM NIN,9,2,0.5625,0.3,Strong
145,prince_ibim, abazwhyllzz Honestly at the moment the best network is Glo very good with data and last longer with satisfactory internet Airtel has strong internet signal but poor and light data plan their data doesn t last at all 3G can just finish in one hour Glo first and Airtel next MTN for calls,1,0,0.44799999999999995,0.3193333333333333,Strong
146,LanreAduke,Good morning Famclients Happy new week Get your Cheap Internet Data Plan and Airtime Recharge for Airtel 9mobile GLO MTN Pay DSTV GOTV PHCN and Results check Also available for your Data giveaways NO SCAM ZONE Onlinetradefair Askforvendors t co OyG5GF59Iu,77,70,0.630909090909091,0.4872727272727272,Strong
147,solid5, GloCare I reached 1500 for a glo data plan yesterday night even I have been debited uptill now am yet to receive the data plan ,0,0,0.0,0.0,Neutral
148,AyeniisraelO, GloCare Good morning sir pls i am not getting a data network on my glo line even after subscribing to a data plan My number is 07056022675,0,0,0.6000000000000001,0.7,Very Strong
149,AyeniisraelO, GloCare Zee_Brams Good morning sir pls i am not getting a data network on my glo line even after subscribing to a data plan My number is 07056022675,0,0,0.6000000000000001,0.7,Very Strong
150,AyeniisraelO, GloCare ElfuzoSinZu Good morning sir pls i am not getting a data network on my glo line even after subscribing to a data plan My number is 07056022675,0,0,0.6000000000000001,0.7,Very Strong
151,bigdaddyits,PLAYSTORE t co XLiF4CaS03 Buy Cheaper Rate Text Call WhatsApp 2348023056889 Data Plan Mtn Airtel 9mobile amp Glo Waec Neco Electric Bill Tv Subscriptions amp more Visit Website t co sEONG7KW3V t co EuyCPEOuyP,2,0,0.5,0.5,Strong
152,VikkiP99, Catalyst_247 Airtel still have the best Data plan somehow followed by Glo Mtn are good for nothing,0,0,0.45000000000000007,0.85,Very Strong
153,CSammyurah,Best Data Plan Offer MTN 3GB 600 Airtel 2GB 600 Glo 2GB 600 Send us a dm t co 2ScVIwwvsm Nigeria Opay TikTok 19years Bible Peter Obi China Inecresults WhatsApp BreakingNews BREAKING t co ZqwWR8RiqW,0,0,0.3,1.0,Very Strong
154,FloraKode, kwatmen_ Strangely glo network is better in mu father s house that was how I subscribed sef and found out that their data plan is mad ,0,0,0.5499999999999999,-0.05833333333333333,Weak
155,NigerianaFirst,However you can try some code to know which one is currently working Example Credit Balance 310 Credit Recharge 311 Data Plan 312 are currently working on my Glo and MTN ,0,0,0.4,0.0,Neutral
156,Remmyma_, GloWorld poshesteb Why are you guyz deducting from main data sub instead of night sub you included I did 1500 data plan 3 5gb 4gb night sub am using it now u guys are deducting the main data and the night sub is not reflecting if I checked data balance Glo do something about this,0,0,0.3333333333333333,0.16666666666666666,Strong
157,PissOfPiss,Glo midnight data plan is scam ,0,0,0.0,0.0,Neutral
158,EtohNelly,This Glo service provider Una try well well o I bought weekend data suddenly the network became unstable Woke up this morning to get SMS that my data plan is exhausted GloCare and INEC are toying with Nigerians ,0,0,0.6,-0.2,Weak
159,AustineLove7, GloCare GloWorld I am having serious issues browsing with your network and for more than five hours now I have been trying to gift a 1000 monthly data plan to another glo user and is not working ,0,0,0.5833333333333333,0.08333333333333334,Strong
160,DeTaureanChosen,For GLO s data plan 1 8GB N600 3 9GB N1 050 4 1GB N1 450 5 2GB N1 650 7 5GB N1 950 10 0GB N2 750 13 25GB N3 650 18 25GB N4 450 29 5GB N7 100 50 0GB N8 950 93 0GB N13 000 119 0GB N15 550 138 0GB N17 450,1,0,0.0,0.0,Neutral
161,GazaEzekiel, AirtelNigeria nothing like that any time I subscribed to to your data plan it always vanished even before one glo are my current data supplier,0,0,0.4,0.0,Neutral
162,Pature111, _mrsmalaprop MTN180 MydeNutMid Glo data plan is even worse they just like to use us dey play in this country Now we all have to reduce data usage No more YouTube ,0,0,0.55,-0.325,Weak
163,Fiptech, OPayNigeria I used the USSD CODE to buy daily data plan of 300 naira for 1Gb but I got 350mb instead this is not the first time that this is happening the previous one was 50naira for 500mb night plan on GLO but I got 50mb t co RV5I866Z3E,0,0,0.16666666666666666,0.02777777777777778,Strong
164,Fiptech, OPay_NG OPayNigeria I used the USSD CODE to buy daily data plan of 300 naira for 1Gb but I got 350mb instead this is not the first time that this is happening the previous one was 50naira for 500mb night plan on GLO but I got 50mb t co rSpDG7Zx6i,0,0,0.16666666666666666,0.02777777777777778,Strong
165,IffySax, GloWorld Thanks For this And less I forgot I discovered that the Glo network in my Area at Ipokia LGA is now coming back stronger I wish it stays stronger as I m currently enjoying the weekend data plan Thanks for the good work Ese Gan Ni gloworld,0,0,0.2777777777777778,0.2388888888888889,Strong
166,tancyotiz, GloWorld Abeg i just did 2k data plan on Tuesday and you are already telling me i have 220Mb left Pls Remove your free 8k airtime Anytime you give Smthin you always have a way to take it bck that s evil Glo is supposed to be the indigenous network but unna de extort people,0,0,0.6,-0.19999999999999998,Weak
167,Official_Boye,Glo is no longer the network I use to think it was Glo don make sense with call rate and data plan on banger glo dey carry me trabaye glonigeria,0,0,0.0,0.0,Neutral
168,giwa179, MTN180 I borrowd a data plan of 1 2GB monthly on Saturdy 18 2 23 evenin but I culdn t see it let alone use it I had to borow anotha 100MB daily plan d followin mornin to be able to check my WhatsApp messenger Or is this referred to as Network Freeze also Anyway Glo welcomed me ,0,0,0.3125,0.25,Strong
169,aweosa_,Got a mini data plan yesterday from glo and my network was working fine Decided to get a larger one today and I don t even have E ,1,0,0.5,0.20833333333333334,Strong
170,backarray2001,I am so angry and bittered how on earth can one buy a data plan and it so frustrating You can t watch a complete video on any social media you can t just browse in peace Glo hope this is not a scam ,0,0,0.5916666666666667,-0.19166666666666668,Weak
171,e12856c73e4f4fc, gtbank I sent 500 worth of glo data plan to 07057951777 using 737 between 6 40pm and 7pm I was debited yet my glo line was not credited with the data plan,0,0,0.1,0.3,Strong
172,ForbesNGBlog,New Glo Football Data Plan The Grand masters of data are back with another bone Guess what this time Glo has introduced a new special data pack known as the Glo football data plan This plan offers you as high as 4 GB of data for N500 and 10 GB for t co wM9eSkTSY4 t co FhNZgrfQTl,0,0,0.43150278293135436,0.19855287569573285,Strong
173,gizmoreel,How To Subscribe To Glo 24GB Data Plan For 5000 t co aCIMRYDgap,0,0,0.0,0.0,Neutral
174,VektorAce, zf_mackie Vikkyoyinnn Glo doesn t offer us this much data plan,0,0,0.2,0.2,Strong
175,ItsekiriYanga, GloCare GloWorld recently once I buy ur match day data d network disappears and doesn t return until d data plan expires Won t buy glo data anymore for a while Waste of money lately Thank God for 2nd SIM from a different network provider otherwise I would b stranded ,0,0,0.29,-0.1,Weak
176,jhonnie_gadgets, GloWorld What else Poor Glo Network I can t use your services and the data plan keeps wasting just like that Without me using it,0,0,0.6,-0.4,Weak
177,Dominionci,Whilst I manage my glo data plan my neighbour has just quietly installed his Starlink dish If only I can just touch a few minutes of your connection sir ,2,0,0.4777777777777778,-0.06666666666666667,Weak
178,Ell_Chika, GloWorld can you stop interrupting my data service just because the berekete bonus you dashed me got exhausted when I still have active data plan Sincerely glo dataplan,0,0,0.6,-0.011111111111111108,Weak
179,Folashade_RP,Glo data is now cheaper kindly patronize me Let me be your surest plug for your cheap and affordable data plan t co MUq0xlKzSv fearwomen iyaboojo CBN t co rW8a2pLcDf,3,0,0.8,0.5,Strong
180,morebeestings,I have four different internets Dotmac MTN 5G Glo mifi and MTN data plan None is working Not even one Pls how much is starlink ,1,1,0.4,0.1,Strong
181,Manchester_4555, Naija_PR Glo DATA plan 1 5 gb 530 14days 2 9gb 1050 30days 4 1gb 1550 30days 5 8gb 2050 30days 7 7gb 2420 30 days t co JVp5BeDfm6 3000 30 days 13 25gb 3950 30days 18 25gb 5000 30days,1,1,0.0,0.0,Neutral
182,fathiuuuu,mtn 10k data plan is now 60gb and not 80 i m pissed cos there s no way i used 80gb in 17 days when i also use data on my glo and now that i m trying to subscribe you ve taken 20gb off it wtffffff,9,0,0.0,0.0,Neutral
183,GloWorld, Kaslex_1 Good afternoon Kaslex_1 I am sorry to hear this May I have the Glo number you intend to purchase the data plan on via DM Blessing,0,0,0.8,0.09999999999999998,Strong
184,Kaslex_1, GloWorld I was trying to process a Glo data plan and mistakingly inputed an Airtel number and I was debited Why t co x5EWCcKpdr,0,0,0.0,0.0,Neutral
185,GloWorld, Ayomide0611 GloCare Good morning Ayomide0611 thank you for reaching us When you get a new Glo SIM you will receive a bonus of up to 100 on data plan purchases for 4 months ,0,0,0.5272727272727273,0.41818181818181815,Strong
186,abnormal_normal, lancythealien AirtelNigeria It s been really crazy been forced to subscribe to a data plan on GLO,1,0,0.55,-0.45,Weak
187,etta_imohh, DhavidPr I just dey wait for Glo 100naira 500gb data plan now Make everybody wey get money port go Starlink finish ,0,0,0.0,0.0,Neutral
188,HydroStatiQ,As soon as you buy a data plan on Glo network t co fxB2fwlK2H,0,0,0.0,0.0,Neutral
189,Mag_Ni_Fico,The YouTube night data plan from GlobacomNigeria glonigeria GLO__NIG is a big SCAM TrendingNow BBTitansXJameson 온우주가_지성이_스물둘을_응원해,0,0,0.1,0.0,Neutral
190,schoolboyefr,What s your data plan Mine is glo 3k a month Dat is because i use wifi tizeti Network,1,0,0.0,0.0,Neutral
191,nkyru, DuchessAnnie Glo has a plan that if you buy they double your data plan sef,1,0,0.0,0.0,Neutral
192,DuchessAnnie,Glo has a cheaper data plan than the others 42GB 10k MTN 40GB 10k,21,1,0.0,0.0,Neutral
193,GloWorld, Garbaibrahim1 fccpcnigeria airtel_care MTNNG However if you require a data plan that can be used at any time of the day you can subscribe to our Glo Special data by dialing 777 Thank you Funmi,0,0,0.5714285714285714,0.35714285714285715,Strong
194,sarnchos,No airtel service all day in owo and ipele Had to switch to glo These guys usually switch off their own mast by 8pm until 6am Meanwhile my data plan includes 1g night plan Scam ,16,4,0.625,0.175,Strong
195,GloCare, Onowuabagana GloWorld Hello Onowuabagana To view your data sharing list 127 00 To unshare the number dial 127 02 glo number Kindly be informed you should have an active data plan to unshare You can also send mail to datasupport gloworld com for your data usage Odewole,0,0,0.75,0.23333333333333334,Strong
196,usb_pate,Cheap glo data plan Baba SpaceX starlink Don dey Town oo ,0,0,0.7,0.4,Strong
197,XiiX5,I ve not had an active glo data plan for almost a year but they never fail to text me EVERY DAY telling me the plan has expired or this and that GloWorld can I breathe please ,0,0,0.44999999999999996,0.058333333333333334,Strong
198,MySpace_deux, swizzy_baby Glo data plan,0,0,0.0,0.0,Neutral
199,GloCare, Chioma_Chiomaa AirtelNigeria myaccessbank accessbank_help Hello Chioma_Chiomaa Yes a Glo data can be purchased on another network line when you choose the wrong network provider when subscribing for the data plan However you will not be able to use the data plan TINA,0,0,0.7625,0.0,Neutral
200,cruise_herself,I broke up with this ex in 2019 I haven t used my data plan for more than a week since I can remember I decided to call Glo today After my para the lady said Do you know you re sharing data with someone She told me how to check which I did Buchi you re wicked ,1,0,0.5,0.5,Strong
201,trailblazer_02,before you go online If this happens in the middle of a meeting one gets upset Pls help us to tell them to automatically switch to the main data plan without interrupting the network and our online work and meetings The only thing I enjoy from glo network is their airtime bonu,1,0,0.4583333333333333,0.14166666666666666,Strong
202,SopuruEgbodo, YemiA_ eldivyn EstheAjewole I used to spend 10k to 15k monthly on GLO data but I started this yr with the 18K data plan I ve not used half of it and the month is ending I d do 1k monthly data plan b4 it expires amp carry over my remaining data amp continue to use it for the next 2 months ,4,0,0.08333333333333333,-0.08333333333333333,Weak
203,fajeminigba_p,In MTN and GLO Who has the best data plan,0,0,0.3,1.0,Very Strong
204,Hassan_0226, temiokomi The last time used GLO for data plan I almost develop HBP I knew their network was terrible but I thought it shouldn t be that bad because I said to myself that what I was going to use it for was limited you will see 4G firm like dis on your phone but all na scam ,1,1,0.4552380952380952,-0.39428571428571424,Weak
205,othellz,The least you as a business could do GloCare GloWorld is LET CUSTOMERS KNOW YOU RE GOING THROUGH ISSUES I honestly REGRET PAYING FOR YOUR YEARLY DATA PLAN BUT AT THIS POINT there s ZERO VALUE IN HOLDING ON TO THIS USELESS GLO LINE,1,0,0.5,-0.06666666666666667,Weak
206,ali_bala, rhymezx_code shegun_ LOL got to change my data plan first something like Glo s 1000GB for 1 year for 100K to make more sense ,1,0,0.5111111111111111,0.5166666666666667,Strong
207,iamFRANQ, RT Naijaknowhow How to Cancel Auto renewal on Glo Data Plan Code t co 99JDjNCpnT,0,0,0.0,0.0,Neutral
208,iamFRANQ,How to Cancel Auto renewal on Glo Data Plan Code t co 9QTOWynnIA,0,0,0.0,0.0,Neutral
209,Naijaknowhow,How to Cancel Auto renewal on Glo Data Plan Code t co l1Cpe1yXdH,0,0,0.0,0.0,Neutral
210,mr___manny, Addlinbaby Glo data plan is the best and most economical right now y all should switch,1,0,0.5589285714285714,0.5214285714285715,Strong
211,_kemi_sola,What s the best data plan on glo Somebody please help because I m done with MTN ,1,0,0.3,1.0,Very Strong
212,oluwatobiIoba,Glo has a data plan called WTF ,0,0,1.0,-0.5,Weak
213,fecomnet2,With Glo match day data plan you don t need dstv if sport is the only reason you watch dstv Get Smart TV you re good to go ,0,0,0.7476190476190476,0.30476190476190473,Strong
214,OmoIjaye1,HAPPY SUNDAY Sunday amusement shouldn t be cut off because of NO DATA Enjoy our DATA services 1gig mtn 260 1 gig airtel 350 1 gig glo 500 For any of your Data Plan Message t co TGRWQ1Lzk4 Now t co sAMr68aESa,0,0,0.75,0.6000000000000001,Strong
215,Adedamola__DML, Ibn_samuel Any glo data plan similar to MTN 20g 20g bonus for 5k,1,0,0.4,0.0,Neutral
216,honxabriss,MTN keep messing around with my data plan why I ll run back to Glo and I just bought mifi from them MTNNG,0,0,0.0,0.0,Neutral
217,Fadabuddy1, Glocare I am currently on Glo Brekete and when i recharged N1 000 00 for a DATA plan its not browsing Please i want to go back to my normal Glo package Plan so i can browse anytime Help me 08059119214 ASAP ,0,0,0.3499999999999999,0.049999999999999996,Strong
218,magik_b0y, GloWorld MTNNG Slow it happens often the most annoying thing from glo is when they can t switch my data plan without me switching airplane mode on and off,0,0,0.6,-0.20000000000000004,Weak
219,anonyshu,How to Stop cancel Glo Data Plan Auto Renewal Code t co 3MwM933SN4,0,0,0.0,0.0,Neutral
220,Xikoandy1, GLO__NIG glonigeria GlobacomNigeria How on earth does one pay for Sunday data and waits till it expires without having value for it I av not bin able to use the Sunday data plan YET IT WILL EXPIRE and my money would just go without value No compensation plan Glowahala t co xVFoJFrJzy,0,0,0.625,0.5,Strong
221,mubby249, dearest_hanny OAUtweet Glo is good averagely but the problem is their frequent network breakdown I think their data plan is good too ,1,0,0.47500000000000003,0.33749999999999997,Strong
222,Jovian_UZ, GloWorld Happy New Year GLO this new year kindly change your message format from dear customer your plan has expired to dear customer your data plan has expired It is annoying not funny whose plan will expire Haba ,0,0,0.7848484848484848,0.12462121212121213,Strong
223,KingPasifik, _pizkira_ Stilliberty Make una leave Glo una no gree because they get cheaper data plan It still doesn t answer the question of are you a man ,1,0,0.0,0.0,Neutral
224,SongsOfDerek,Why I use Tizeti Unlimited data plan is the only way to use a smart TV Glo and MTN almost ruined me Imagine 30k sub not lasting 3 weeks but Tizeti costs just 12k5 monthly plus it works on up to 8 devices ,0,0,0.5476190476190476,0.07142857142857142,Strong
225,keed_ose, Fosudo Happy new year Pls is there anyway we GLO users can double how data plan just like MTN like d one i saw in 1 of ur video GLO l Thanks,0,0,0.41363636363636364,0.2840909090909091,Strong
226,Charlenze2000, GloCare glo glo glo I m not ready 4 ur frustrations dis 2023 I beliv d essence of subscribing 2 a big data plan is so I don t get to hav any interruptions Wat s d point in havin ova 200gb on my sim yet can t load images properly not to talk of downloading files ,0,0,0.2333333333333333,-0.03333333333333333,Weak
227,JudeCThaddeus, GloCare I subscribed for N1 500 data plan on 31st December 2022 and my bank account was debited I couldn t do much due to bad network Suddenly yesterday in the afternoon I got an sms from Glo that my data has finished Why this robbery ,0,0,0.5138888888888888,-0.27499999999999997,Weak
228,JagohTech,How TO Subscribe To The New Glo 10GB Data Plan For Just N1000 t co YH4ociOHLL,0,0,0.45454545454545453,0.13636363636363635,Strong
229,murewaszn,You ll buy a data plan on Glo and still have to beg them before they activate it,0,0,0.0,0.0,Neutral
230,GloWorld, d_punisher23 Hello d_punisher23 Always On is not a data plan It is a subscription that retains your line on the Glo network for 365 days guaranteed no matter what ,0,0,0.0,0.0,Neutral
231,GloWorld, d_punisher23 Hello d_punisher23 sincere apologies for my delayed response Please be informed that Glo Always On is not a data plan Kindly dial 777 to view our available data bundles Thank you Jane,0,0,0.6,0.5,Strong
232,GloWorld, Matooosa Hello Matooosa sincere apologies for my delayed response You may dial 127 02 Glo Number to remove a number while you have an active data plan Thank you Jane,0,0,0.55,0.18333333333333335,Strong
233,GloWorld, Matooosa Hello Matooosa sincere apologies for my delayed response While you have an active data plan you may dial 127 01 Glo Number to share your data plan Kindly note that you can only share data with a maximum of 5 Glo numbers at a time ,0,0,0.75,0.24166666666666667,Strong
234,cutefesty, MTN180 MTNNG Its not about size I am Same Gionee310 the same data I changed to Glo data plan I cannot finish 1gb plan I started looking for what to download Please you guys should wake up Am not the only person complaining ,1,0,0.4166666666666667,0.0,Neutral
235,ragnokkk, GloCare please my glo network is not working and I have an active data plan What could be the problem Please rectify this immediately ,0,0,0.6,-0.13333333333333333,Weak
236,NGbaze,Glo Data Plans How To Get Glo Data Plan 200 For 1GB t co 6Zc7wzAxGR,1,0,0.0,0.0,Neutral
237,GloWorld, Vendettart_b GloCare Hello Vendettart_b I am sorry to hear this You can subscribe to the Glo special data plan with no night data volume Kindly dial 777 www gloworld com ng personal data data plans Thank you _Paul,0,0,0.6928571428571428,0.11428571428571428,Strong
238,GloWorld, francharles_sw6 Hello francharles_sw6 I am sorry to hear this Kindly restart your device after a few minutes to observe the behaviour You can subscribe to the Glo special data plan with no night data volume attached to it ,0,0,0.6428571428571428,0.06428571428571428,Strong
239,BesttiMusic, ADEBOWALE____ You say cheapest data plan Which of the plan Getting a GLO sim card,0,0,0.0,0.0,Neutral
240,GloCare, talkofcj Also you can add a maximum of 5 Glo numbers to share your data plan with Thank you Jane,0,0,0.0,0.0,Neutral
241,GloCare, talkofcj Hello talkofcj please dial 127 01 Glo Number to share your data plan Please note that you need to have active data to be able to add a number to share with you ,0,0,0.6125,0.18333333333333335,Strong
242,smxlez_,Glo with their worst activating Data plan make I still wait for like 2hrs before midnight plan is activated or dey off on phone like NEPA t co sR7dA5WYzZ,8,3,1.0,-1.0,Very Weak
243,GloCare, IsaacAuta16 ayoola_olaoyea If you are browsing or accessing Showmax the depletion will happen from Glo Showmax data plans and if you are accessing any other sites it will get depleted from General Base Data plan Odewole,0,0,0.625,-0.2916666666666667,Weak
244,LanreAduke,Good morning Famclients Happy new week Get your Cheap Internet Data Plan and Airtime Recharge for Airtel 9mobile GLO MTN Pay DSTV GOTV PHCN and Results check Also available for your Data giveaways NO SCAM ZONE Onlinetradefair Askforvendors t co uCLDJzHeB8,81,76,0.630909090909091,0.4872727272727272,Strong
245,LanreAduke,Good morning Famclients Happy new week Get your Cheap Internet Data Plan and Airtime Recharge for Airtel 9mobile GLO MTN Pay DSTV GOTV PHCN and Results check Also available for your Data giveaways NO SCAM ZONE t co lw4SLB3rVB,48,46,0.630909090909091,0.4872727272727272,Strong
246,kobbywayne699, airteltigoghana you guys bought glo and make changes on the Data plan moy3 Mmoa paa,0,0,0.0,0.0,Neutral
247,sure_Obadiah, Enny_Sam20 Abeg getat How much glo sell unlimited crying data plan for you sef ,0,0,0.4,0.0,Neutral
248,_quiNomy, Taofeeqoh__ YemiFirstson What s the best data plan epp me Glo or Airtel please,1,0,0.3,1.0,Very Strong
249,ItsjustOlaa,Fraud ni Glo bcos i opted for one off subscription wanted to upgrade it now they ve immediately renewed my data plan Who sent you people message Inu Tonasobe ni 2nd glo yi shi ma pada si once I retrieve that MTN Lola Anobi ,0,0,0.0,0.0,Neutral
250,Sir_EbubeEleazu, Don_Femo Omo bro it s really crazy All the network providers are the same no better option Glo will tell u 1 5k for 7gb but in reality it s 3 5gb you re paying for And by the time u know what s up boom data plan would soon be exhausted Criminals mehn,0,0,0.5562499999999999,-0.3125,Weak
251,OlafemiVictor9, OkezyMarvel Chima_Senpai Oildeyforyou_ Alabiy999 uniquely_PAM alli_iamexhaust iam___rahmoni A rare photo of Glo and Mtn Data plan,6,0,0.9,0.3,Strong
252,joemmy999, GloWorld This screenshot shows my subscription of Wednesday since then I ve not subscribed on glo again 1gb expired with me doing anything meaningful the number brought up to be sharing my data plan is not even close by and has no access to my phone and I did not share my plan with anyone t co kzFr1uk8Tl,0,0,0.5,0.5,Strong
253,Richy72794864, glo I have being subscribing but my data plan seems to be running down faster than expected what s the problem ,0,0,0.34444444444444444,-0.1277777777777778,Weak
254,Teeymoney77, sportingshina I will buy Glo or MTN Data plan,0,0,0.0,0.0,Neutral
255,princeezechukwu,Please how do one cancel a data plan on glo ,0,0,0.0,0.0,Neutral
256,jerrydoubles,Someone should share the best GLO data plan they know Thank you ,5,3,0.3,1.0,Very Strong
257,AG_Akeey, Damslim2 PreciousEsiri Glo simply doesn t do it for me Fucked up data plan so I don t expect better regarding consumption ,0,0,0.5190476190476191,-0.033333333333333326,Weak
258,obumkelechi,For the past 2 months I ve always been purchasing GloWorld campus data As indicated 500 campus data 2 6GB Which I feel is better than the normal 500 for 1 6Gb after purchasing the campus data plan of 500 I immediately checked my data bal and saw only 800mb gloworld glo,0,0,0.6,0.1,Strong
259,jhayFrosh6, GloWorld Glo Change ya data plan,0,0,0.0,0.0,Neutral
260,jivaska19,Nothing like that Una dey suck data The same data plan I ll do on my Glo sim lasts more than a week once I do it on my MTN it doesn t last 2 days ,0,0,0.23055555555555554,0.16666666666666666,Strong
261,OlafemiVictor9, EziomaKalu Glo data plan Guess that s the only thing that stays longer this days ,0,0,1.0,0.0,Neutral
262,brokinbottle,So 3k glo data plan gives 10gb Ohk now,0,0,0.0,0.0,Neutral
263,zazarat,I m not understanding Glo and their data plan again I don t want 4G night from my 9 2G Just give me my data all like that Cos when I check my data balance it s morning own they ll be showing someone,0,0,1.0,0.6,Strong
264,RichEnterprise_, GLO Data Plan 3 9Gb N950 7 5Gb N1400 9 2Gb N1900 10 8Gb N2400 14Gb N2850 18Gb N3800 24Gb N4800 29 5Gb N7700 Validity 30 days Click on the link to buy now t co c1EgCyRysK,0,0,0.0,0.0,Neutral
265,Oyakhilome_,The Glo 1terabyte plan is the best data plan ever,0,0,0.3,1.0,Very Strong
266,UrglyGramm, izi264 Blaxkistan Omo how i go change sim cos i experience few hrs of bad connection are u fr Omo the kin data plan wey glo get no network get am and e fast no come closer ,1,0,0.45555555555555555,-0.2333333333333333,Weak
267,Chijokeofficia1, Amb_Felix_ solomonjanet796 wfialaosika1 Iam_Magixx The last i did proper data plan Just letting you know we don t do awoof data glo here as you do ,0,0,0.08333333333333334,0.0,Neutral
268,cruelsantiyes,i thought glo was the problem i just didn t have a data plan,0,0,0.0,0.0,Neutral
269,esujohn,Glo will just stay and send msgs You have exhausted your data allocation and your data access has been blocked Is it meant to be a threat For a line that hasn t seen a data plan in close to 3 years I thought data access was blocked since ,2,0,0.7,-0.4,Weak
270,Hassanah_tu,Which glo data plan is the best please anyone ,0,0,0.3,1.0,Very Strong
271,Teemos1,Shey I ll not block this glo line ni Why are they disturbing me with messages about renewing my data plan ,0,0,0.8,-0.5,Weak
272,MekziTech, GLO__NIG you guys are a criminal organisation Fellow Nigerians have you taken note of how globacom steals from Nigerians Imagine buying data plan N2000 for 9gb 5gb for the day and 4gb for the nigh U xhaust d 5gb and the 4gb expires without using it ,0,1,0.55,-0.4,Weak
273,Molex_A, GloCare give us unlimited data plan as part of the joy festival glo as the king of unlimited glocare,0,0,0.2,0.8,Very Strong
274,AlMiyatti, GloCare linklups To subscribe for Glo Night Weekend Data Plan Is Just waste of money You will start seeing unstable networks after buying the data plan This plan is a scam,0,0,0.0,-0.2,Weak
275,iamKristil, Obi_BlessedOne I have actually have GLO They don t have reasonable data plan,0,0,0.35,0.1,Strong
276,OnuhAkor, ShawnLufi TheMahleek MTNNG AirtelNigeria Airtel_Presence Wetin man go come do like this I get glo but their data plan no good at all Them go give u 200mb 110mb na for night browsing 90mb naim be normal data Which network i go switch to like this elonmusk when is starlink getting to Nigeria ,0,0,0.625,-0.09999999999999999,Weak
277,Meraldmusic,So MTNNG MTN180 has also join glo in deceptive advertising on their data plan Paid 6k for 50gb only to get 25gb Una don dey mad too leaked leaked t co 5vOBocokj7,0,0,1.0,-0.3125,Weak
278,krraaasshh, TheMahleek MTN data plan and network lt lt lt lt lt lt lt lt Glo,0,0,0.0,0.0,Neutral
279,gideonmizpah,Glo users what is your go to data plan ,0,0,0.0,0.0,Neutral
280,Ferdinand_000, GloWorld SalamiRotimi I just regret spending 10k data plan on GLO I can t even browse if there is another word for slow that s what you guys are,1,0,0.39999999999999997,-0.30000000000000004,Weak
281,Keke01728263, GloWorld Motunrayor01 Good afternoon Ms Mrs Victoria I hope your day is going well Please I took a data loan of 1K yesterday and I recharged exactly 2 500 in a bid to pay the loan and also get a data plan Unfortunately I recharged all and they GLO have taken it without giving me my plan 1 ,0,0,0.6166666666666667,0.15,Strong
282,HeyitzDavve, Victorios_Mr a__mhayorkun MaduforoJesse mister_ade5 anthonystilldey adaobowo1 Lmaoooo glo that is known for their cheap data plan,0,0,0.7,0.4,Strong
283,A_damex, NazeefMohammed7 kizy__orton I_Am_Winter Glo data plan 555 is still active I just did it this morning,0,0,0.6,-0.13333333333333333,Weak
284,iamTooFit,Glo made me buy a Sunday data plan that s meant to last for 24 hrs only for them to use my existing monthly data so what exactly is the essence Lol I don t blame you people glonigeria,0,1,0.5041666666666667,0.2625,Strong
285,FernandoWona,I just say make i let Una know say glo Don drop another update Your chance to be a LANDLORD Dial 611 to enter and Buy data plan of N20 000 or more to stand a chance of winning a HOUSE in the Glo Festival of Joy promo Abeg Na phone network we want use nor anoda naijabet,0,0,0.48333333333333334,0.6,Strong
286,joynama8,Good morning I subscribed for the campus boost data plan through the glo cafe app but the data plan wasn t activated but the transaction was successful and I was debited so I request for a refund or reactivation of the data plan purchase immediately glonigeriarefundmymoney t co UcwoUN2nEl,0,0,0.775,0.725,Very Strong
287,BummiMary, DAMIADENUGA GLOFESTIVALOFJOY 138g of glo data plan ,0,0,0.0,0.0,Neutral
288,Efe_Biye,Definitely buying spectra net at this point Tiring of this Glo data plan,0,0,0.25,0.0,Neutral
289,wtfrwyd,Abeg which is the best data plan for glo,3,0,0.3,1.0,Very Strong
290,Ifedaayoo,Just when I think I ve seen spare cash I get the Dear Customer your data plan will soon expire text from Glo ,0,0,0.0,0.0,Neutral
291,betechwise,Glo Sunday Data Plan How to Get Glo 1 25GB for N200 t co L5MKGuNvku tweet trending retweet betechwise rtitbot retweet,0,0,0.0,0.0,Neutral
292,betechwise,Glo Sunday Data Plan How to Get Glo 1 25GB for N200 t co Tf9I0kMy1Y influencer influencermarketing tech techbloggers techblogs techie technews technology instagood womenintech,0,0,0.0,0.0,Neutral
293,betechwise,Glo Sunday Data Plan How to Get Glo 1 25GB for N200 t co Tf9I0kMy1Y,0,0,0.0,0.0,Neutral
294,Singularity_icp, OgaSammyWejinya My dear brother Sammy Get a GLO sim and use berekete package Benefits 1 Fastest download speed compared to others 2 Mega data plan compared to others 3 Heavy bonus on recharge data amp calls 4 Unlimited free calls with a little hack NB prove above t co uzFL4FCROe,1,0,0.47500000000000003,0.0031250000000000028,Strong
295,kells4real, GloCare You guys even charged me for calling your customer care line About 1k gone in addition to the 2k monthly data plan that suddenly vanished Na to borrow use am take do data the throw away the useless line o I no use Glo again abeg ,1,0,0.35,-0.25,Weak
296,chinonso_tm, badboivee MaliqYoba O_Ikechukwu18 _AsiwajuLerry For data plan nah glo ooo but make you use am well nah wahala,0,0,0.0,0.0,Neutral
297,MaliqYoba, O_Ikechukwu18 badboivee _AsiwajuLerry Glo get better data plan but the day them chose to show their subscribers shege eh,0,0,0.5,0.5,Strong
298,Starfrosh_1,GLO Legit Network 4 Data Plan t co ikfv44UGvN,2,0,0.0,0.0,Neutral
299,is_sylva,Data plan should be unlimited if it says it is unlimited If Mtn glo etc can not do that then they can go Please let s do it like is done in USA UK and developed countries My software development company will build softwares for Nigeria ,0,0,0.3,0.1,Strong
300,DpowerBankers,Glo s Match Day Special Offer data plan is the real deal 10GB for 1 000 only Talk about data offering with unlimited gusto ,0,0,0.6238095238095238,0.18571428571428572,Strong
301,SJosipe,Glo network still retains its status as the most useless in Nigeria Bought a 24 hour 4GB data plan yesterday to download a game and still have not downloaded the app up to half Even WhatsApp messages take a while to load For a whole day Now it s going to expire at my expense,0,0,0.33333333333333337,-0.07333333333333333,Weak
302,andre_chris04, HouseOfAmbers But u can assist me with data plan 08058477143 GLO YOU ARE BLESS DEAR,3,0,0.0,0.0,Neutral
303,eaglethefirst, ChigozieObi_ Try GLO 1TB data plan if it s stable in your area Lasts for a year ,0,0,0.0,0.0,Neutral
304,SampaAsa, _didonny1 MrPman I m fr Gy 1500 data plan in Glo is 7Gb Buh MTN 2k no reach am,0,0,0.0,0.0,Neutral
305,Ketas_Perfumery,Shora fun glo data plan ,0,0,0.2,0.3,Strong
306,hoye1620,Glo is toying with my emotion which one is Dear Customer Your data plan will expire soon plan mi bawo,0,0,0.0,0.0,Neutral
307,Hauwa__Mohammed, OtunbaCoff My uncle has over 20gb on his phone and he s not using it Wetin person wan dey use 1gb per day do I know Glo has sharing option that allows you add user s to your data plan,0,0,0.15000000000000002,-0.2,Weak
308,Iam_Vanpersie, GloCare pls I m finding it difficult to subscribe to a data plan on my glo line It keeps saying error occurred What can i do pls ,0,0,1.0,-0.5,Weak
309,Iamd_a_mmy, JimohAZT Glo data plan,0,0,0.0,0.0,Neutral
310,kill_sh0, itzbasito It s not everywhere sha Glo actually has nice network in places The only issue I face is the switching off data plan You ll have to switch airplane mode on and off for awhile,1,0,0.7000000000000001,0.19999999999999998,Strong
311,DesignLova, primecron jobosonchisa MTNNG Glo is sweet when it comes to their data plan The network shake me yesterday too ,1,0,0.65,0.35,Strong
312,GloCare, Raffy_lfc Faraday2004 GLO__NIG GlobacomNigeria glonigeria Raffy_lfc Hello BufordHusband5 I apologize for the delayed response and for the issue experienced May I know if you have been able to subscribe to the data plan Adigun,1,0,0.7625,0.65,Strong
313,Newshour_ng,Glo Data Plan How To Buy Data Bundle Subscription Codes And Price t co xA77HGGGhi,0,0,0.0,0.0,Neutral
314,Kyleran047, GloCare I have been trying to subscribe to a data plan on my glo line 09057516406 to no avail Pls any problem with the line Pls help ,0,0,0.0,0.0,Neutral
315,keeflee33,Glo don Make corrections Adupe Ewo ni YOUR PLAN WILL EXPIRE SOON or YOUR PLAN HAS EXPIRED I dey always return the curse Sha Now they have adjusted it to YOUR DATA PLAN,0,0,0.0,0.0,Neutral
316,pepperxzn,Glo is it that your megabytes are gigabytes or somebody from your head office is sharing my data plan ,2,1,0.0,0.0,Neutral
317,ParagonFuaz,So MTN increased data plan prices Airtel rush follow am Wow rich networks Now 40gb no dey reach 3 weeks again Airtel nice one Na GLO I dey switch enter ASAP Make I use our own network as a patriotic Nigerian sef ,4,2,0.9375,0.41874999999999996,Strong
318,timiroyale,Glo Dear Customer your data plan will soon expire Me t co 3FIP4tpuKy,5,1,0.0,0.0,Neutral
319,otwDonny,Fed of buying data on this glo sim data draining ASF Wait how imma be buying one month data plan every three days without downloading nun not even watching videos or whatever just WhatsApp and Facebook that s some bs ,0,0,0.0,0.0,Neutral
320,bobbysax_Eno, GloCare Yeah glo so I just recharge 2000 naira now and I tried buying a data plan and it s saying insufficient funds I can t even check my airtime Balance because it keeps saying connection wahala and still can t even check data balance or mmi I code wahala,0,0,0.0,0.0,Neutral
321,Azeezade1006, GloWorld You people are just not responsible to your customer complain haven sent in twits to your customer handle on your poor service as regards not able to recharge my data plan for more than three days now both on 777 and your Glo App Too bad of you ,0,0,0.5883333333333333,-0.18999999999999997,Weak
322,AkiluNetwork,GLO DATA PLAN t co I6hmP6zQdL,0,0,0.0,0.0,Neutral
323,AkiluIliyasu,GLO DATA PLAN t co JB1uThTlJD,0,0,0.0,0.0,Neutral
324,connect_visual,Who noticed you have been unable to subscribe to any Glo data plan since yesterday,1,0,0.5,-0.5,Weak
325,thesegunadeleke,GLO Data Users Great Data Plan Options IMO for Students Enjoy t co FZWBYN6Xob,9,2,0.625,0.6000000000000001,Strong
326,mickyoduds, GloCare Anthony50674066 linklups Glo for more than 24 hours now I can t subscribe to any data plan it keeps saying Error occurred try again later I had to borrow data and pay it back with my balance before I could access the internet What s happening now ,0,0,0.16666666666666666,0.16666666666666666,Strong
327,BrightOluleke, GloCare Asiwaju_74 Good morning glo pls have been trying to purchase a data plan since yesterday and I have been receiving messages like an error occurred pls what can I do 09058569434,0,0,0.6000000000000001,0.7,Very Strong
328,ALEX956368, GloWorld Glo you guys are really annoying since yesterday I have been trying to renew my data plan it s saying system error wtf I have been borrowing data like a beggar from you I thought airtel was the worst until I used Glo lol ,2,0,0.8999999999999999,-0.37499999999999994,Weak
329,Samsonsins, GloCare Asiwaju_74 I ve been try to subscribe to a data plan on glo but it s showing me sorry an error as occured since a day before,0,0,1.0,-0.5,Weak
330,SFunmilayp, GloCare I have been trying to subscribe to a data plan on glo since yesterday but it s showing me error has occurred please try again later Why ,0,0,0.0,0.0,Neutral
331,_Otis__, GloCare I have not been able to subscribe to any data plan on Glo It keeps saying an error occurred and the customer care line has been busy since like forever ,0,0,0.4625,0.3,Strong
332,johnpaulleo, GloCare please since today morning around 12am I ve been trying to buy a data plan using code but all glo has been sending me it s sorry an error has occurred Please try again later I don t know whether it s only me having this issue please Fix it please,1,0,0.6666666666666666,-0.16666666666666666,Weak
333,CossyRichards, GloWorld Fix up Since yesterday I can t buy a data plan Do something abeg Glo users are complaining ,0,0,0.0,0.0,Neutral
334,davre_views,I m currently having issues buying a data plan on my Glo sim GloWorld,0,0,0.4,0.0,Neutral
335,FikayomiAkinde1, GloCare I have been trying to subscribe to data plan on my glo line But it keeps showing error What could be the problem ,0,0,0.0,0.0,Neutral
336,GbanAnybody,the glo unable to subscribe for data plan issue is so serious that even their call center unit dont have another option for purchase of data to subscribers at this time Gidi_Traffic fccpcnigeria seem MTNNG is having data purchase patronage today i pity u if you buy airtel,0,1,0.36666666666666664,-0.2583333333333333,Weak
337,NotRootbutRuth, GloCare Good Evening Glo I have been trying to subscribe to a data plan since yesterday I used the 777 code but when ever it s get to the stage of subscribing I get SORRY An error has occurred Please try again later My number is 09050709093,0,0,0.5333333333333333,0.06666666666666665,Strong
338,roobiemusic, GloCare hello me again calling you to sort out this network issue its been more than a day and I can t buy a data plan Keep getting error occurred reply I missed a huge money yesterday being idle the whole day I patronise glo well makes me question my choice of network ,1,0,0.6,0.3666666666666667,Strong
339,roobiemusic, GloCare hello am cajetan and I am having issue with my Glo line I have been trying to buy a data plan since yesterday morning but I keep getting an error occurred reply This isn t the first time I can t recall the times I was idle because of network issue from my glo line,0,0,0.3333333333333333,0.25,Strong
340,EbereOctavia, GloCare Asiwaju_74 I have been trying to subscribe to a data plan on glo But it s showing me error has occurred be try again Why ,1,1,0.0,0.0,Neutral
341,O22loro, Iammarels Both glo and MTN they are just useless data plan zero that s for glo network zero MTN hike in data plan,0,0,0.2,-0.5,Weak
342,thisDABLESS, GloWorld BrodaShaggi Y all give big data plan that can only work for 3 apps the most annoying network in Nigeria is glo,0,0,0.625,-0.07500000000000001,Weak
343,Prospark_, GloWorld BrodaShaggi Okay If you can make it very good then people will come for glo than any other networks because you have a good data plan,1,0,0.5637500000000001,0.49624999999999997,Strong
344,adenitan, GloCare what s the tarrif for the Glo N500 data plan that gives 8gig for 14 days I got an SMS advertising this as new data plans,0,0,0.45454545454545453,0.13636363636363635,Strong
345,GloWorld, Eddie31_mufc Hello Eddie31_mufc I am sorry to hear this You can subscribe to the Glo special data plan with no Glo night bonus data Kindly dial 777 to subscribe t co 7NKTXTPVUa _Paul,0,0,0.8238095238095239,0.15238095238095237,Strong
346,CollinsKaosiso1, iconic_sage1 but U get glo data plan,1,0,0.0,0.0,Neutral
347,CollinsKaosiso1, iconic_sage1 Like seriously u know any glo beta data plan,0,0,0.6666666666666666,-0.3333333333333333,Weak
348,LanreAduke,Get your Cheap Internet Data Plan and Airtime Recharge for Airtel 9mobile GLO MTN Pay DSTV GOTV PHCN Results check NO SCAM ZONE t co jqr4NimUEm,96,87,0.7,0.4,Strong
349,GloWorld, GlobalNikky Hello GlobalNikky To view your data sharing list please dial 127 00 To remove the number please dial 127 02 glo number You also need an active data plan to remove numbers from your shared list Martins,0,0,0.6,-0.13333333333333333,Weak
350,Mike_2000__,If not you indicate it Anything less than this is wickedness and extortion Since it s all part of the data plan eg 1month data plan of N1500 is 7 5G And the 4G included will just expire within 3days It s extremely not fair This is my experience with Glo data,0,0,0.48333333333333334,-0.2583333333333333,Weak
351,Lbkraji,It took Glo forever to activate my data plan and it makes you wonder why ,0,0,0.0,0.0,Neutral
352,idowutaiwo390,I was scam yesterday mid night by Glo Network i did a data plan of 7 5GB imagine I update 6 Apps not much than 20mb and 4GB data was exhausted ,0,0,0.3,-0.16666666666666666,Weak
353,Oluwa_dharmii, HassanSZNN darkieSZN AirtelNigeria Omooo see I m only enjoying their data plan every other thing is shiiittt Glo network fit go for 12hrs make you no fit do anything omo,0,0,0.5549999999999999,0.11499999999999999,Strong
354,GloWorld, Kamoine Hello Kamoine Kindly be informed that you can not transfer data on the Glo network You can only share your data plan with other Glo users Martins,0,0,0.7583333333333333,0.15833333333333333,Strong
355,GloCare, BebeNG55766837 BebeNG55766837 After activation of the MiFi you also get additional 5GB data on purchase of data plan of N5000 and above for a period of 6 months Kindly visit a Glo outlet to purchase the MIfi t co j2TkM9drNc Adigun,0,0,0.5,0.3,Strong
356,deylepro, IamSuCreY Glo has been shitty in Ibadan I do weekend 3gig data plan and on Sunday evening I still have about 1 gig left e no de go at all,0,0,0.0,0.0,Neutral
357,LanreAduke,Buy Cheap Internet Data Plan and Airtime Recharge for Airtel 9mobile GLO MTN Pay DSTV GOTV PHCN Results check All from Ayesh Telecom t co 62TXzWDzYQ,43,38,0.7,0.4,Strong
358,horlah_awt, GloCare If I want to browse at night GloCare has a special data plan for night browsing I ll do dat Wen I need data at night Y must my Normal monthly sub be divided into night and day I see no good reason for that Dis is just pushing I and people I know away from glo,0,0,0.6071428571428571,0.05238095238095238,Strong
359,zedd_gram, DanielRegha MTNNG MTNNG After this my data finish am jejefully migrating to glo atleast there data plan still dope,0,0,0.0,0.0,Neutral
360,hurller_herphyz, DanielRegha MTNNG GloWorld please improve in your network so that we can all be using glo your data plan is the best but poor network ,9,1,0.44999999999999996,0.3,Strong
361,Alausa_O,There was a time that GLO was selling 1GB 200 for 3 days MTN was selling 1GB 200 for 7 days The two of them just suddenly stopped this dátà plan despite that many Nigerians buy this plan a lot Would have been a game changer for them But na to exploit dem know,0,0,0.4666666666666666,0.033333333333333326,Strong
362,GloCare, BiGGBaGG01 GloWorld Hello BiGGBaGG01 I am sorry to hear this Please note that you can subscribe to the Glo special data plan with no Glo night bonus data added to it Kindly click on the following link to view special data plans t co xlWrSbiNej Yemi,0,0,0.6285714285714287,0.16285714285714287,Strong
363,GloCare, femifire1 Hello femifire1 I am sorry to hear this Please note that you can subscribe to the Glo special data plan with no Glo night bonus data added to it Kindly click on the following link to view special data plans t co 4112G5GKLn _Paul,0,0,0.6285714285714287,0.16285714285714287,Strong
364,Omadelii,MTN and Glo are direct competitors One wants to increase the GB for 500 and the other adds 50 to it s 500 data plan but the GB remains the same Mind you it s a 2 day plan ,2,0,0.25,0.04375000000000001,Strong
365,callmemuktar,I need a solid Airtel GLO data plan,2,0,0.1,0.0,Neutral
366,GloCare, nwannekapeters Hello nwannekapeters kindly dial 127 01 glo number to share data on an active data plan Titi,0,0,0.75,0.23333333333333334,Strong
367,Singapore6,After this plan expires GloWorld show love or else Dear glo Your network will be replaced soon To send me a data plan dial 08074474062 as i dey so I no dey visit nana ,0,0,0.6,0.5,Strong
368,SheriffExcel, UnclePauly_ No I m new to the glo 7gb started using it this week I think the normal data plan runs faster than this 7gb on my own end,0,0,0.7015151515151515,0.22727272727272727,Strong
369,Bigwillar, GloCare Hdairo_ Glo s internet connection has to be the poorest there is out there of all telecommunications companies my business lost 347 thousand naira of my hard earned money due to inability to use the so called data plan We paid for Do downtimes last more than 4 hours ,1,0,0.37083333333333335,0.02083333333333333,Strong
370,Irawo258,What is wrong with MTN180 network since yesterday I can t call nor receive calls can t do any activities on my line since yesterday Had to subscribe to glo data plan to be online today Your sim is just displaying NO SERVICE since yesterday Wetin happen nah ,0,0,0.9,-0.5,Weak
371,feyi__sola,Best Data plan for glo please ,1,0,0.3,1.0,Very Strong
372,ThankGodmantis3, Little_darlinn Over here Glo s bad If you just subscribe for a data plan it get worse,0,0,0.6333333333333333,-0.5499999999999999,Weak
373,NenyeDiva,Make us your data plug We deliver like hebrew woman MTN data plan 500mb 200 1Gb 350 2gb 700 3gb 1050 5gb 1750 AIRTEL data plan 500mb 300 1gb 500 2gb 1000 5gb 2500 GLO data plan 1 05gb 600 2 5gb 1250 4 1gb 2000 5 8gb 2500 9 mobile 3gb 1100 5gb 1800 10gb 3000 20gb 5000 t co QXHLf6YcPz,2,0,0.0,0.0,Neutral
374,SEYINGBOPHAMODU, GloWorldI I recharged my glo line 234 705 697 4634 with 3k Am finding it difficult to subscribe for 10g data plan using 777 Its not giving me the option of selecting that of 10g but only showing proceed for the previous data plan which I don t want Ur help is needed on this,0,0,0.7222222222222222,-0.2222222222222222,Weak
375,Papi_waga,I spending 5k every week renewing my data plan for Glo Thieves,0,0,0.0,0.0,Neutral
